AnimalType,MinTopography,MaxTopography,MinPlantCoverage,MaxPlantCoverage,NaturalTemperatureBand,MinTemperature,TargetTemperature,MaxTemperature,MaxLowerTolerableVariance,MaxHigherTolerableVariance,DislikesRain,DislikesSnow,SeekShelterActionScore,MinLongGrass,MaxLongGrass,MinShortGrass,MaxShortGrass,MinOverallSand,MaxOverallSand,MinOverallSoil,MaxOverallSoil,MinOverallRock,MaxOverallRock,MinSnow,MaxSnow,SUM Min,SUM Max,DesiredRatio,DominantSex,MaxMalesSingle,MaxFemalesSingle,MaxMalesBoth,MaxFemalesBoth,MinPopulation,MaxPopulation,PredatorPrey,AdultTrophicLevel,JuvenileTrophicLevel,Temperament,HasDefensiveIntimidate,DefensiveIntimidationStartRadius,DefensiveIntimidationEndRadius,DefensiveIntimidationGimmickRadius,BiomeName,ContinentName,SocialBenefit,Benefit,MinimumSpace,SpacePerAdditionalAnimal,AquaticSpacePerAdditionalAnimal,MinimumAquaticSpace,MinimumAquaticDepth,MinimumShelterAreaPerAnimal,MinimumClimbableSpace,ClimbableSpacePerAdditionalAnimal,MinimumDeepSwimmingSpace,DeepSwimmingSpacePerAdditionalAnimal,DeepSwimmingRequirementAffectsWelfare,DoesJuvenileSwim,DoesJuvenileDeepSwim,GuestsFleeFrom,GuestsFleeFromJuvenile,DamagePerAttack,MaxWallTypeResistanceBreakable,EscapeAttackAdult,EscapeAttackJuvenile,CanPace,SpeciesStressLevel,PartialThreshold,Grade,MinHeight,ClimbProof,AllowWaterBarrier,WaterBarrierWidth,WaterBarrierDepth
Aardvark,0.0,0.48,0.0,0.25,High,16,28,42,14,10,1,1,20.0,0.2,0.7,0.2,0.7,0.0,0.3,0.1,0.5,0.0,0.1,0.0,0.0,0.5,2.3,1.0,Male,2,2,1,1,1,2,Prey,03,00,Passive,0,,,,"Savannah, Rainforest",Africa,Meerkat,0.2,330.0,60.0,0.0,0.0,0.0,10.0,0.0,0.0,0.0,0.0,0,1,1,0,0,0.0,0.0,0,0,0,Shy,,2,0.5,0,0,,
Addax,0.0,0.0,0.0,0.2,High,3,33,45,5,10,0,1,20.0,0.0,0.3,0.0,1.0,0.3,1.0,0.0,0.2,0.0,0.3,0.0,0.0,0.3,2.8,2.0,Male,25,25,1,24,2,25,Prey,07,03,Passive,0,,,,Desert,Africa,"DromedaryCamel, SomaliWildAss, CommonOstrich, DamaGazelle",0.2,325.0,45.0,0.0,0.0,0.0,10.0,0.0,0.0,0.0,0.0,0,1,1,1,0,0.05,0.3,1,0,0,Shy,,2,1.25,0,0,,
AfricanBuffalo,0.0,0.4,0.0,0.3,High,16,28,40,14,10,0,1,20.0,0.2,1.0,0.2,1.0,0.0,0.3,0.1,0.4,0.0,0.4,0.0,0.0,0.5,3.1,1.0,Male,5,15,1,14,3,15,Prey,18,03,Aggressive,0,,,,"Savannah, Rainforest, Aquatic",Africa,"CommonOstrich, ThomsonsGazelle, PlainsZebra, BlackWildebeest, Springbok, SableAntelope, CommonWarthog, ReticulatedGiraffe, ScimitarHornedOryx, BlueWildebeest, RedRiverHog, SouthernWhiteRhino, NileLechwe",0.2,420.0,90.0,10.0,20.0,0.0,0.0,0.0,0.0,0.0,0.0,0,1,1,1,0,0.05,0.5,1,1,0,Neutral,,3,1.25,0,0,,
AfricanCrestedPorcupine,0.0,0.0,0.0,0.35,High,3,28,43,10,5,1,1,20.0,0.0,0.1,0.0,0.5,0.3,1.0,0.1,1.0,0.0,0.8,0.0,0.0,0.4,3.4,1.0,Male,6,6,5,5,1,6,Prey,18,00,Passive,0,10.0,15.0,,"Desert, Savannah","Africa, Europe",,,310.0,55.0,0.0,0.0,0.0,7.5,0.0,0.0,0.0,0.0,0,1,1,0,0,0.0,0.0,0,0,0,Confidant,,1,1.0,0,0,,
AfricanElephant,0.0,0.24,0.0,0.3,High,8,28,44,6,10,0,1,20.0,0.1,0.5,0.1,0.6,0.0,0.2,0.2,0.4,0.0,0.4,0.0,0.0,0.4,2.1,1.0,Male,5,15,1,14,3,15,Prey,30,06,Passive,0,,,,"Desert, Savannah, Aquatic",Africa,,,2151.0,667.0,74.0,148.0,0.0,45.0,0.0,0.0,0.0,0.0,0,1,1,1,0,0.33,1.0,1,0,0,Confidant,,4,2.0,0,0,,
AfricanPenguin,0.0,0.0,0.0,0.2,High,3,26,43,5,5,1,1,20.0,0.0,0.2,0.0,0.3,0.4,1.0,0.1,1.0,0.0,0.5,0.0,0.0,0.5,3.0,1.0,Male,500,500,500,500,6,500,Prey,03,00,Passive,0,,,,"Aquatic, Desert",Africa,,,180.0,3.0,2.0,135.0,0.0,2.0,0.0,0.0,67.0,2.0,1,0,0,0,0,0.0,0.0,0,0,0,Neutral,,2,1.5,0,0,,
AfricanWildDog,0.2,0.4,0.0,0.38,High,8,21,40,6,10,1,1,20.0,0.1,0.5,0.3,0.8,0.0,0.3,0.1,0.4,0.0,0.4,0.0,0.0,0.5,2.4,1.0,Male,27,27,27,9,2,27,Predator,15,00,Aggressive,0,,,,"Savannah, Desert",Africa,,,1162.0,92.0,0.0,0.0,0.0,10.0,0.0,0.0,0.0,0.0,0,1,1,1,0,0.04,0.3,1,1,0,Confidant,,2,1.25,0,0,,
AldabraGiantTortoise,0.0,0.16,0.0,0.5,High,16,28,42,5,10,0,0,20.0,0.1,0.6,0.1,0.6,0.2,0.5,0.0,0.3,0.0,0.4,0.0,0.0,0.4,2.4,3.0,Male,2,4,1,3,1,4,Prey,41,41,Passive,0,,,,Rainforest,Africa,,,230.0,5.0,0.0,0.0,0.0,10.0,0.0,0.0,0.0,0.0,0,1,1,0,0,0.0,0.0,0,0,0,Neutral,,1,0.5,0,0,,
AlpineIbex,0.0,0.0,0.0,0.25,High,-7,15,28,20,5,0,0,20.0,0.0,0.3,0.1,1.0,0.0,0.1,0.0,0.8,0.15,1.0,0.0,1.0,0.25,4.2,2.0,Male,8,20,1,19,2,20,Prey,05,03,Passive,0,,,,Taiga,Europe,,,390.0,60.0,0.0,0.0,0.0,0.0,0.0,0.0,0.0,0.0,0,1,1,1,0,0.05,0.3,1,1,0,Confidant,,2,1.25,0,0,,
AmericanAlligator,0.0,0.0,0.0,0.6,High,6,24,35,5,10,0,1,20.0,0.0,0.8,0.0,1.0,0.0,0.4,0.2,1.0,0.0,0.8,0.0,0.0,0.2,4.0,1.0,Male,6,6,1,5,1,6,Predator,17,00,Aggressive,0,,,,"Aquatic, Temperate",NorthAmerica,,,210.0,38.0,50.0,210.0,0.0,0.0,0.0,0.0,120.0,25.0,0,1,1,1,0,0.0,0.0,1,0,0,Confidant,,2,1.0,0,0,,
AmericanBison,0.0,0.32,0.0,0.25,High,-16,18,40,15,10,0,0,20.0,0.0,1.0,0.0,1.0,0.0,0.2,0.0,0.5,0.0,0.2,0.0,0.8,0.0,3.7,1.0,Male,15,15,1,14,3,15,Prey,22,03,Aggressive,0,,,,"Savannah, Taiga",NorthAmerica,"PronghornAntelope, PrairieDog",0.2,420.0,90.0,0.0,0.0,0.0,0.0,0.0,0.0,0.0,0.0,0,1,1,1,0,0.07,0.4,1,0,0,Neutral,,3,1.25,0,0,,
AmurLeopard,0.0,0.0,0.0,0.65,High,-15,10,31,15,5,1,0,20.0,0.0,0.1,0.2,0.5,0.0,0.1,0.1,0.6,0.0,0.8,0.0,1.0,0.3,3.1,1.0,Male,1,1,1,1,1,2,Predator,09,00,Passive,0,,,,"Taiga, Temperate",Asia,,,705.0,111.0,0.0,0.0,0.0,7.5,45.0,14.0,0.0,0.0,0,1,1,1,0,0.05,0.4,1,1,0,Neutral,,3,3.0,1,0,,
ArcticFox,0.0,0.0,0.0,0.38,High,-50,10,28,28,5,1,0,20.0,0.0,0.1,0.0,0.4,0.0,0.6,0.0,1.0,0.0,0.6,0.0,1.0,0.0,3.7,1.0,Male,5,5,6,6,1,8,Predator,02,00,Passive,0,,,,"Tundra, Taiga","NorthAmerica, Europe, Asia",,,200.0,32.0,0.0,0.0,0.0,3.0,0.0,0.0,0.0,0.0,0,1,1,1,0,0.0,0.0,1,1,0,Shy,,2,1.25,0,0,,
ArcticWolf,0.0,0.48,0.0,1.0,High,-12,0,16,20,10,1,0,20.0,0.0,0.1,0.0,0.3,0.0,0.2,0.0,0.6,0.0,0.5,0.0,1.0,0.0,2.7,1.0,Male,8,8,8,8,2,8,Predator,15,03,Aggressive,0,,,,"Taiga, Tundra",NorthAmerica,,,1162.0,92.0,0.0,0.0,0.0,10.0,0.0,0.0,0.0,0.0,0,1,1,1,0,0.04,0.3,1,1,0,Confidant,,2,1.25,0,0,,
AsianSmallClawedOtter,0.0,0.0,0.2,0.9,High,17,30,42,5,4,0,1,20.0,0.0,0.4,0.2,1.0,0.0,0.2,0.2,0.7,0.0,0.25,0.0,0.0,0.4,2.55,1.0,Male,16,6,15,15,2,16,Prey,05,00,Passive,0,,,,"Aquatic, Rainforest, Savannah",Asia,"BorneanOrangutan, MalayanTapir, Binturong, ProboscisMonkey, IndianRhinoceros, LarGibbon",0.2,210.0,30.0,12.0,84.0,0.0,5.0,0.0,0.0,56.0,8.0,1,1,1,0,0,0.0,0.0,0,0,0,Neutral,,2,1.0,0,0,,
AsianWaterMonitor,0.0,0.0,0.0,0.6,High,12,28,42,5,10,0,1,20.0,0.0,0.3,0.0,0.4,0.0,0.5,0.1,0.8,0.3,1.0,0.0,0.0,0.4,3.0,1.0,Male,1,1,1,1,1,2,Predator,03,00,Passive,0,,,,"Rainforest, Savannah, Aquatic",Asia,,,280.0,30.0,25.0,75.0,0.0,0.0,0.0,0.0,25.0,10.0,0,1,1,1,0,0.0,0.0,1,1,0,Confidant,,2,0.5,0,0,,
Babirusa,0.0,0.0,0.1,0.4,High,13,28,42,5,10,1,1,20.0,0.0,0.2,0.0,0.5,0.2,1.0,0.4,1.0,0.0,0.4,0.0,0.0,0.6,3.1,1.0,Male,1,4,1,4,1,5,Prey,05,00,Passive,0,,,,"Rainforest, Savannah",Asia,,,290.0,15.0,0.0,0.0,0.0,10.0,0.0,0.0,0.0,0.0,0,1,1,1,0,0.02,0.1,1,1,0,Confidant,,2,1.3,0,0,,
BactrianCamel,0.0,0.56,0.0,0.2,High,-40,18,44,12,10,0,0,20.0,0.0,0.2,0.0,0.2,0.4,1.0,0.0,0.8,0.1,0.6,0.0,0.4,0.5,3.2,1.0,Male,2,11,1,10,2,11,Prey,09,03,Passive,0,,,,"Desert, Temperate",Asia,PrzewalskisHorse,0.2,650.0,100.0,0.0,0.0,0.0,0.0,0.0,0.0,0.0,0.0,0,1,1,1,0,0.05,0.4,0,0,0,Confidant,,2,1.25,0,0,,
BairdsTapir,0.0,0.4,0.15,1.0,High,16,21,42,10,10,1,1,20.0,0.0,0.3,0.1,0.4,0.0,0.3,0.2,0.7,0.0,0.4,0.0,0.0,0.3,2.1,1.0,Male,1,1,1,1,1,2,Prey,09,00,Passive,0,,,,"Rainforest, Temperate, Savannah, Aquatic",SouthAmerica,"CapuchinMonkey, GiantAnteater, Capybara",0.2,430.0,56.0,19.0,37.0,0.0,12.0,0.0,0.0,0.0,0.0,0,1,1,1,0,0.05,0.1,1,1,0,Neutral,,2,1.0,0,0,,
BengalTiger,0.2,0.56,0.25,1.0,High,12,21,42,12,10,0,1,20.0,0.0,0.5,0.1,0.3,0.0,0.2,0.2,0.9,0.0,0.5,0.0,0.0,0.3,2.4,1.0,Male,1,1,1,1,1,2,Predator,24,03,Aggressive,0,,,,"Rainforest, Temperate, Savannah",Asia,,,705.0,111.0,0.0,0.0,0.0,20.0,0.0,0.0,0.0,0.0,0,1,1,1,0,0.05,0.5,1,0,0,Confidant,,3,3.0,1,0,,
Binturong,0.0,0.0,0.25,1.0,High,13,25,42,5,5,1,1,20.0,0.0,0.2,0.2,1.0,0.0,0.3,0.2,1.0,0.0,0.2,0.0,0.0,0.4,2.7,1.0,Female,5,5,5,5,2,5,Prey,05,00,Passive,0,,,,"Rainforest, Temperate",Asia,"SunBear, MalayanTapir, AsianSmallClawedOtter",0.2,182.0,18.0,0.0,0.0,0.0,4.0,40.0,16.0,0.0,0.0,0,1,1,0,0,0.0,0.0,1,0,0,Shy,,2,1.0,1,0,,
BlackRhinoceros,0.0,0.0,0.0,0.3,High,3,21,43,5,5,0,1,20.0,0.0,0.4,0.1,0.6,0.1,0.4,0.2,0.6,0.0,0.2,0.0,0.0,0.4,2.2,1.0,Male,1,2,1,2,1,3,Prey,27,06,Aggressive,0,,,,"Savannah, Desert",Africa,,,1000.0,500.0,0.0,0.0,0.0,30.0,0.0,0.0,0.0,0.0,0,1,1,1,0,0.33,1.0,1,0,0,Confidant,,4,2.0,0,0,,
BlackWhiteRuffedLemur,0.0,0.0,0.1,1.0,High,14,25,42,5,10,1,1,20.0,0.0,0.4,0.1,0.7,0.0,0.2,0.1,0.9,0.0,0.2,0.0,0.0,0.2,2.4,1.0,Female,16,16,1,15,2,16,Prey,00,00,Passive,0,,,,Rainforest,Africa,"RingTailedLemur, RedRuffedLemur",0.2,210.0,8.0,0.0,0.0,0.0,2.0,20.0,4.0,0.0,0.0,0,1,1,0,0,0.0,0.0,1,1,0,Neutral,,1,1.25,1,1,3.0,1.0
BlackWildebeest,0.0,0.4,0.0,0.3,High,8,28,40,8,10,0,1,20.0,0.2,1.0,0.1,1.0,0.0,0.3,0.1,0.4,0.0,0.4,0.0,0.0,0.4,3.1,1.0,Male,16,32,1,31,7,32,Prey,12,03,Passive,0,,,,Savannah,Africa,"Springbok, SableAntelope, CommonWarthog, ReticulatedGiraffe, AfricanBuffalo, CommonOstrich, ThomsonsGazelle, PlainsZebra, BlueWildebeest, SouthernWhiteRhino",0.2,410.0,40.0,0.0,0.0,0.0,10.0,0.0,0.0,0.0,0.0,0,1,1,1,0,0.05,0.4,1,1,0,Neutral,,2,1.25,0,0,,
BlueWildebeest,0.0,0.0,0.0,0.3,High,8,28,40,8,10,0,1,20.0,0.2,1.0,0.1,1.0,0.0,0.3,0.1,0.4,0.0,0.4,0.0,0.0,0.4,3.1,1.0,Male,9,20,1,19,4,20,Prey,12,03,Passive,0,,,,Savannah,Africa,"Springbok, SableAntelope, CommonWarthog, ReticulatedGiraffe, AfricanBuffalo, CommonOstrich, ThomsonsGazelle, BlackWildebeest, SouthernWhiteRhino, PlainsZebra",0.2,410.0,40.0,0.0,0.0,0.0,10.0,0.0,0.0,0.0,0.0,0,1,1,1,0,0.05,0.4,1,0,0,Neutral,,2,1.25,0,0,,
Bongo,0.0,0.56,0.2,1.0,High,8,32,42,8,10,0,1,20.0,0.0,0.2,0.1,0.3,0.0,0.2,0.2,0.9,0.0,0.5,0.0,0.0,0.3,2.1,2.0,Male,1,5,1,4,1,5,Prey,05,00,Passive,0,,,,Rainforest,Africa,RedRiverHog,0.2,240.0,30.0,0.0,0.0,0.0,10.0,0.0,0.0,0.0,0.0,0,1,1,1,0,0.05,0.4,1,0,0,Shy,,2,1.25,0,0,,
Bonobo,0.2,0.4,0.15,1.0,High,8,26,42,8,10,1,1,20.0,0.0,0.4,0.1,0.4,0.0,0.2,0.1,0.9,0.0,0.5,0.0,0.0,0.2,2.4,1.0,Male,10,10,7,7,3,10,Prey,09,00,Passive,0,,,,Rainforest,Africa,RedRiverHog,0.2,780.0,50.0,0.0,0.0,0.0,10.0,80.0,30.0,0.0,0.0,0,1,1,1,0,0.1,0.6,1,0,0,Confidant,,3,5.0,1,1,6.0,2.0
BorneanOrangutan,0.5,0.72,0.2,1.0,High,8,26,42,8,10,1,1,20.0,0.0,0.2,0.1,0.3,0.0,0.2,0.1,0.9,0.0,0.5,0.0,0.0,0.2,2.1,1.0,Male,1,6,1,5,1,6,Prey,09,00,Passive,0,,,,Rainforest,Asia,"Siamang, LarGibbon, MalayanTapir, AsianSmallClawedOtter",0.2,780.0,50.0,0.0,0.0,0.0,15.0,120.0,40.0,0.0,0.0,0,1,1,1,0,0.1,0.6,1,0,0,Confidant,,3,5.0,1,1,6.0,2.0
CaliforniaSeaLion,0.0,0.0,0.0,0.2,High,-4,22,31,5,5,0,1,20.0,0.0,0.1,0.0,0.1,0.4,1.0,0.0,0.4,0.0,0.6,0.0,0.0,0.4,2.2,4.0,Male,5,15,5,15,3,15,Prey,23,00,Passive,0,,,,"Aquatic, Temperate","NorthAmerica, SouthAmerica",,,200.0,18.0,46.0,360.0,0.0,0.0,0.0,0.0,170.0,25.0,1,1,1,1,0,0.0,0.0,0,0,0,Confidant,,2,2.0,0,0,,
CapuchinMonkey,0.0,0.48,0.2,1.0,High,12,23,42,5,10,1,1,20.0,0.0,0.7,0.0,0.7,0.0,0.1,0.2,1.0,0.0,0.1,0.0,0.0,0.2,2.6,1.0,Male,40,40,13,39,8,40,Prey,00,00,Passive,0,,,,"Rainforest, Temperate","NorthAmerica, SouthAmerica","GiantAnteater, BairdsTapir, Capybara",0.2,210.0,8.0,0.0,0.0,0.0,2.0,20.0,4.0,0.0,0.0,0,1,1,0,0,0.0,0.0,1,0,0,Confidant,,1,1.25,1,1,3.0,1.0
Capybara,0.0,0.0,0.15,1.0,High,13,28,42,5,4,0,1,20.0,0.0,1.0,0.2,1.0,0.0,0.3,0.1,0.6,0.0,0.1,0.0,0.0,0.3,3.0,1.0,Male,20,20,9,19,4,20,Prey,03,00,Passive,0,,,,"Aquatic, Savannah, Rainforest",SouthAmerica,"GalapagosGiantTortoise, BairdsTapir, Llama, CapuchinMonkey, GiantAnteater, ManedWolf",0.2,285.0,48.0,12.0,70.0,0.0,7.5,0.0,0.0,35.0,6.0,0,1,1,0,0,0.02,0.1,1,0,0,Confidant,,2,1.0,0,0,,
Caracal,0.0,0.0,0.0,0.4,High,0,20,43,5,10,1,1,20.0,0.0,0.2,0.0,0.4,0.3,1.0,0.0,0.8,0.0,0.8,0.0,0.0,0.3,3.2,1.0,Male,1,1,1,1,1,2,Predator,07,00,Passive,0,,,,"Desert, Savannah, Temperate","Asia, Africa",,,534.0,111.0,0.0,0.0,0.0,7.5,81.0,54.0,0.0,0.0,0,1,1,1,0,0.05,0.4,1,1,0,Shy,,2,3.0,1,0,,
Cassowary,0.0,0.48,0.15,1.0,High,12,26,42,5,10,0,1,20.0,0.0,0.8,0.0,0.8,0.1,0.5,0.1,0.8,0.0,0.4,0.0,0.0,0.2,3.3,1.0,Male,1,1,1,1,1,2,Prey,09,00,Passive,0,,,,Rainforest,"Asia, Australasia",,,400.0,100.0,0.0,0.0,0.0,5.0,0.0,0.0,0.0,0.0,0,1,1,1,0,0.04,0.3,1,0,0,Confidant,,2,1.8,0,0,,
Cheetah,0.1,0.4,0.0,0.25,High,8,28,40,8,10,1,1,20.0,0.1,0.5,0.3,0.8,0.0,0.3,0.0,0.4,0.0,0.4,0.0,0.0,0.4,2.4,1.0,Male,3,1,2,1,1,3,Predator,09,00,Passive,0,,,,"Savannah, Desert",Africa,,,705.0,111.0,0.0,0.0,0.0,10.0,0.0,0.0,0.0,0.0,0,1,1,1,0,0.04,0.3,1,1,0,Shy,,2,2.0,0,0,,
ChinesePangolin,0.3,0.56,0.25,1.0,High,12,26,42,5,10,0,1,20.0,0.0,0.2,0.1,0.3,0.0,0.2,0.1,0.9,0.0,0.5,0.0,0.0,0.2,2.1,1.0,Male,3,3,3,3,1,3,Prey,00,00,Passive,0,,,,"Rainforest, Temperate",Asia,,,182.0,16.0,0.0,0.0,0.0,2.0,0.0,0.0,0.0,0.0,0,1,1,0,0,0.0,0.0,0,0,0,Shy,,2,2.0,1,0,,
CloudedLeopard,0.0,0.0,0.35,1.0,High,6,12,42,5,10,1,1,20.0,0.0,0.4,0.3,0.7,0.0,0.2,0.2,1.0,0.0,0.4,0.0,0.0,0.5,2.7,1.0,Male,1,1,1,1,1,2,Predator,05,00,Aggressive,0,,,,"Rainforest, Temperate",Asia,,,534.0,111.0,0.0,0.0,0.0,7.5,81.0,54.0,0.0,0.0,0,1,1,1,0,0.04,0.3,1,1,0,Shy,,2,3.0,1,0,,
CommonOstrich,0.0,0.24,0.0,0.2,High,8,28,40,8,10,0,1,20.0,0.2,0.7,0.2,0.7,0.0,0.3,0.1,0.4,0.0,0.4,0.0,0.0,0.5,2.5,2.0,Male,2,2,1,7,1,8,Prey,09,00,Passive,0,,,,"Savannah, Desert",Africa,"ThomsonsGazelle, PlainsZebra, BlackWildebeest, Springbok, SableAntelope, CommonWarthog, ReticulatedGiraffe, AfricanBuffalo, ScimitarHornedOryx, BlueWildebeest, Addax, SomaliWildAss, SouthernWhiteRhino, NileLechwe",0.2,675.0,75.0,0.0,0.0,0.0,0.0,0.0,0.0,0.0,0.0,0,1,1,1,0,0.05,0.4,1,0,0,Neutral,,2,1.25,0,0,,
CommonWarthog,0.0,0.4,0.15,0.45,High,8,28,42,8,10,0,1,20.0,0.2,0.7,0.2,0.7,0.0,0.3,0.1,0.4,0.0,0.4,0.0,0.0,0.5,2.5,1.0,Male,4,7,1,6,1,7,Prey,06,00,Aggressive,0,,,,"Savannah, Rainforest",Africa,"ReticulatedGiraffe, AfricanBuffalo, CommonOstrich, ThomsonsGazelle, PlainsZebra, BlackWildebeest, Springbok, SableAntelope, BlueWildebeest",0.2,290.0,10.0,0.0,0.0,0.0,10.0,0.0,0.0,0.0,0.0,0,1,1,1,0,0.02,0.1,1,1,0,Confidant,,2,1.25,0,0,,
CommonWombat,0.0,0.0,0.0,0.3,High,-4,20,38,5,10,1,1,20.0,0.2,0.7,0.0,0.7,0.0,0.3,0.0,1.0,0.0,0.1,0.0,0.0,0.2,2.8,1.0,Male,1,1,1,1,1,2,Prey,03,00,Passive,0,,,,"Temperate, Savannah",Australasia,,,225.0,45.0,0.0,0.0,0.0,10.0,0.0,0.0,0.0,0.0,0,1,0,1,0,0.0,0.0,0,0,0,Confidant,,2,1.0,0,0,,
Cougar,0.0,0.0,0.2,0.8,High,-7,24,43,10,5,0,0,20.0,0.0,1.0,0.2,1.0,0.0,0.4,0.15,1.0,0.0,0.5,0.0,1.0,0.35,4.9,1.0,Male,1,1,1,1,1,2,Predator,13,03,Aggressive,0,,,,"Desert, Taiga, Rainforest, Savannah, Temperate","NorthAmerica, SouthAmerica",,,705.0,111.0,0.0,0.0,0.0,10.0,0.0,0.0,0.0,0.0,0,1,1,1,0,0.05,0.4,1,1,0,Shy,,3,3.0,1,0,,
CuviersDwarfCaiman,0.0,0.48,0.25,0.7,High,6,29,42,5,7,0,1,20.0,0.0,0.5,0.2,0.5,0.0,0.3,0.2,0.6,0.0,0.2,0.0,0.0,0.4,2.1,1.0,Male,1,1,1,1,1,2,Prey,09,00,Passive,0,,,,"Aquatic, Rainforest, Temperate, Savannah",SouthAmerica,,,182.0,18.0,16.0,79.0,0.0,0.0,0.0,0.0,43.0,8.0,0,1,1,1,0,0.0,0.0,1,1,0,Confidant,,2,1.5,0,0,,
DallSheep,0.0,0.48,0.0,0.3,High,-12,8,16,20,10,1,0,20.0,0.0,1.0,0.0,1.0,0.0,0.2,0.0,0.4,0.0,1.0,0.0,1.0,0.0,4.6,2.0,Male,15,40,1,39,3,40,Prey,05,03,Passive,0,,,,"Taiga, Tundra",NorthAmerica,,,425.0,55.0,0.0,0.0,0.0,0.0,0.0,0.0,0.0,0.0,0,1,1,1,0,0.02,0.1,1,0,0,Neutral,,2,1.25,0,0,,
DamaGazelle,0.0,0.0,0.0,0.3,High,3,28,43,8,10,0,1,20.0,0.0,0.2,0.0,0.3,0.1,1.0,0.1,1.0,0.0,0.2,0.0,0.0,0.2,2.7,10.0,Male,20,20,1,19,3,20,Prey,03,03,Passive,0,,,,"Desert, Savannah",Africa,"Addax, DromedaryCamel, ScimitarHornedOryx",0.2,425.0,60.0,0.0,0.0,0.0,11.0,0.0,0.0,0.0,0.0,0,1,1,0,0,0.0,0.0,0,0,0,Shy,,2,1.25,0,0,,
Dhole,0.0,0.0,0.15,0.65,High,3,20,42,5,10,1,1,20.0,0.2,0.5,0.2,0.8,0.0,0.15,0.1,0.8,0.0,0.3,0.0,0.0,0.5,2.55,1.0,Male,25,25,25,13,2,25,Predator,15,00,Aggressive,0,,,,"Rainforest, Savannah, Taiga, Temperate",Asia,,,1162.0,92.0,0.0,0.0,0.0,10.0,0.0,0.0,0.0,0.0,0,1,1,1,0,0.04,0.3,1,1,0,Confidant,,2,1.25,0,0,,
Dingo,0.2,0.4,0.0,1.0,High,8,21,43,5,10,1,1,20.0,0.0,0.5,0.0,1.0,0.0,1.0,0.0,1.0,0.0,0.4,0.0,0.0,0.0,3.9,1.0,Male,12,12,12,12,2,12,Predator,15,03,Aggressive,0,,,,"Desert, Savannah, Rainforest, Temperate",Australasia,,,1162.0,92.0,0.0,0.0,0.0,10.0,0.0,0.0,0.0,0.0,0,1,1,1,0,0.04,0.3,1,1,0,Confidant,,2,1.25,0,0,,
DromedaryCamel,0.0,0.0,0.0,0.3,High,-6,20,44,5,15,0,1,20.0,0.0,0.3,0.0,0.4,0.4,1.0,0.0,0.8,0.0,0.3,0.0,1.0,0.4,3.8,1.0,Male,9,13,1,12,2,13,Prey,09,03,Passive,0,,,,"Desert, Savannah, Temperate","Asia, Africa","ScimitarHornedOryx, ReticulatedGiraffe, Addax, SomaliWildAss, DamaGazelle",0.2,600.0,100.0,0.0,0.0,0.0,0.0,0.0,0.0,0.0,0.0,0,1,1,1,0,0.05,0.4,0,0,0,Confidant,,3,1.25,0,0,,
Emu,0.0,0.0,0.0,0.4,High,3,26,43,5,10,0,1,20.0,0.0,0.8,0.2,1.0,0.1,0.8,0.0,0.5,0.0,0.4,0.0,0.0,0.3,3.5,1.0,Female,6,6,5,5,1,6,Prey,09,00,Passive,0,,,,"Desert, Rainforest, Savannah, Temperate",Australasia,"RedKangaroo, RedNeckedWallaby, Quokka",0.2,450.0,75.0,0.0,0.0,0.0,5.0,0.0,0.0,0.0,0.0,0,1,1,1,0,0.04,0.3,0,0,0,Confidant,,2,1.25,0,0,,
EurasianLynx,0.0,0.0,0.35,1.0,High,-13,20,38,5,4,1,0,20.0,0.0,0.8,0.2,1.0,0.0,0.1,0.0,0.75,0.0,0.2,0.0,1.0,0.2,3.85,1.0,Male,1,3,1,1,1,2,Predator,07,00,Aggressive,0,,,,"Taiga, Temperate, Tundra, Savannah","Europe, Asia",,,615.0,165.0,0.0,0.0,0.0,7.5,0.0,0.0,0.0,0.0,0,1,1,1,0,0.05,0.4,1,1,0,Shy,,3,3.0,1,0,,
EuropeanBadger,0.0,0.0,0.2,1.0,High,-7,25,38,5,4,1,1,20.0,0.0,0.7,0.0,1.0,0.0,0.1,0.0,1.0,0.0,0.1,0.0,1.0,0.0,3.9,1.0,Male,3,7,6,6,1,7,Prey,05,00,Passive,0,,,,"Taiga, Temperate, Savannah","Europe, Asia",,,360.0,36.0,0.0,0.0,0.0,5.0,0.0,0.0,0.0,0.0,0,1,1,1,0,0.04,0.3,0,0,0,Shy,,2,1.0,0,0,,
EuropeanFallowDeer,0.0,0.0,0.0,1.0,High,-4,22,38,20,4,0,0,20.0,0.0,0.5,0.4,1.0,0.0,0.1,0.0,0.6,0.0,0.1,0.0,1.0,0.4,3.3,2.0,Male,6,15,1,15,3,16,Prey,08,03,Passive,0,,,,"Temperate, Savannah",Europe,RedDeer,0.2,360.0,45.0,0.0,0.0,0.0,10.0,0.0,0.0,0.0,0.0,0,1,1,0,0,0.05,0.3,1,0,0,Neutral,,2,1.25,0,0,,
FennecFox,0.0,0.0,0.0,0.34,High,3,30,43,5,10,1,1,20.0,0.0,0.5,0.0,0.8,0.5,1.0,0.0,1.0,0.0,0.2,0.0,0.0,0.5,3.5,1.0,Male,5,5,6,6,1,10,Prey,03,00,Passive,0,,,,Desert,Africa,,,182.0,28.0,0.0,0.0,0.0,5.0,0.0,0.0,0.0,0.0,0,1,1,0,0,0.0,0.0,0,0,0,Shy,,2,1.5,0,0,,
FormosanBlackBear,0.6,0.8,0.4,1.0,High,-7,21,42,5,5,0,0,20.0,0.0,0.4,0.2,0.6,0.0,0.3,0.2,0.6,0.0,0.4,0.0,0.3,0.4,2.6,1.0,Male,1,1,1,1,1,2,Predator,15,00,Passive,0,,,,"Rainforest, Temperate, Taiga",Asia,,,950.0,140.0,0.0,0.0,0.0,6.0,40.0,16.0,0.0,0.0,0,1,1,1,0,0.05,0.4,1,1,0,Shy,,4,2.0,1,0,,
Fossa,0.0,0.0,0.3,1.0,High,12,25,42,5,5,1,1,20.0,0.0,0.1,0.2,1.0,0.0,0.1,0.0,1.0,0.0,0.4,0.0,0.0,0.2,2.6,1.0,Female,1,1,1,1,1,2,Predator,03,00,Aggressive,0,,,,Rainforest,Africa,,,270.0,90.0,0.0,0.0,0.0,10.0,40.0,16.0,0.0,0.0,0,1,1,1,0,0.02,0.1,1,1,0,Shy,,2,3.0,1,0,,
GalapagosGiantTortoise,0.0,0.16,0.0,0.5,High,14,21,42,5,10,0,0,20.0,0.1,0.6,0.1,0.6,0.2,0.5,0.0,0.3,0.0,0.4,0.0,0.0,0.4,2.4,3.0,Male,2,4,1,3,1,4,Prey,41,41,Passive,0,,,,Rainforest,SouthAmerica,Capybara,0.2,230.0,5.0,0.0,0.0,0.0,10.0,0.0,0.0,0.0,0.0,0,1,1,0,0,0.0,0.0,0,0,0,Neutral,,1,0.5,0,0,,
Gemsbok,0.0,0.48,0.0,0.3,High,8,33,43,10,10,0,1,20.0,0.0,1.0,0.0,1.0,0.4,1.0,0.0,0.2,0.0,0.6,0.0,0.0,0.4,3.8,2.0,Male,10,10,1,9,5,10,Prey,05,03,Passive,0,,,,Desert,Africa,,,270.0,40.0,0.0,0.0,0.0,10.0,0.0,0.0,0.0,0.0,0,1,1,1,0,0.02,0.1,1,0,0,Shy,,2,1.25,0,0,,
Gharial,0.0,0.15,0.1,1.0,High,14,32,42,5,10,0,1,20.0,0.0,0.5,0.0,0.5,0.2,0.6,0.0,0.4,0.2,0.4,0.0,0.0,0.4,2.4,1.0,Male,7,7,7,7,1,7,Prey,20,00,Passive,0,,,,"Aquatic, Rainforest, Temperate",Asia,,,210.0,16.0,30.0,300.0,0.0,0.0,0.0,0.0,120.0,52.0,0,1,1,1,0,0.0,0.0,1,0,0,Confidant,,2,1.0,0,0,,
GiantAnteater,0.0,0.48,0.0,1.0,High,8,23,42,10,5,1,1,20.0,0.0,1.0,0.2,1.0,0.0,0.3,0.1,1.0,0.0,0.1,0.0,0.0,0.3,3.4,1.0,Male,2,2,1,1,1,2,Prey,05,02,Passive,0,,,,"Rainforest, Savannah",SouthAmerica,"BairdsTapir, ManedWolf, CapuchinMonkey, Capybara",0.2,660.0,60.0,0.0,0.0,0.0,10.0,0.0,0.0,0.0,0.0,0,1,1,0,0,0.05,0.1,0,0,0,Neutral,,2,1.25,0,0,,
GiantOtter,0.0,0.48,0.35,1.0,High,10,25,42,5,4,0,1,20.0,0.2,0.7,0.1,0.3,0.3,0.6,0.0,0.6,0.0,0.1,0.0,0.0,0.6,2.3,1.0,Male,9,6,9,9,2,15,Prey,10,00,Passive,0,,,,"Aquatic, Rainforest, Savannah",SouthAmerica,,,360.0,60.0,36.0,144.0,0.0,7.5,0.0,0.0,72.0,18.0,1,1,1,1,0,0.04,0.3,0,0,0,Confidant,,2,1.8,0,0,,
GiantPanda,0.3,0.64,0.3,1.0,High,2,21,29,8,5,0,1,20.0,0.0,0.4,0.2,0.6,0.0,0.3,0.2,0.6,0.0,0.4,0.0,0.3,0.4,2.6,1.0,Male,10,10,10,10,1,10,Prey,15,00,Passive,0,,,,"Temperate, Taiga",Asia,,,900.0,150.0,0.0,0.0,0.0,10.0,0.0,0.0,0.0,0.0,0,1,1,1,0,0.05,0.1,0,0,0,Neutral,,4,2.0,1,0,,
GreaterFlamingo,0.0,0.24,0.0,0.25,High,8,21,40,8,10,0,1,20.0,0.0,0.5,0.0,0.5,0.0,0.4,0.2,0.6,0.2,0.4,0.0,0.0,0.4,2.4,1.0,Male,500,500,500,500,10,500,Prey,00,00,Passive,0,,,,"Aquatic, Rainforest, Temperate, Savannah","Africa, Asia, Europe",,,300.0,9.0,12.0,125.0,0.0,5.0,0.0,0.0,0.0,0.0,0,1,1,0,0,0.0,0.0,0,0,0,Neutral,,1,1.0,0,0,,
GreySeal,0.0,0.48,0.0,0.2,High,-15,10,26,10,5,0,0,20.0,0.0,0.3,0.0,0.1,0.4,1.0,0.0,0.4,0.2,0.5,0.0,0.3,0.6,2.6,4.0,Male,3,8,2,8,3,8,Prey,23,00,Passive,0,,,,"Aquatic, Temperate, Tundra","Europe, NorthAmerica",,,200.0,12.0,41.0,300.0,0.0,0.0,0.0,0.0,170.0,21.0,1,0,0,1,0,0.05,0.4,0,0,0,Neutral,,2,1.8,0,0,,
GrizzlyBear,0.4,0.72,0.3,1.0,High,-10,18,28,10,5,0,0,20.0,0.0,0.1,0.0,0.6,0.0,0.2,0.0,0.5,0.0,0.7,0.0,1.0,0.0,3.1,1.0,Male,1,2,1,1,1,2,Predator,25,03,Aggressive,0,,,,"Taiga, Temperate, Tundra",NorthAmerica,,,750.0,50.0,0.0,0.0,0.0,6.0,0.0,0.0,50.0,10.0,0,1,1,1,0,0.1,0.95,1,1,0,Neutral,,4,2.0,1,0,,
HimalayanBrownBear,0.5,0.8,0.2,1.0,High,-10,18,22,10,5,0,0,20.0,0.0,0.1,0.0,0.3,0.0,0.2,0.0,0.6,0.0,0.5,0.2,1.0,0.2,2.7,1.0,Male,1,2,1,1,1,2,Predator,25,03,Aggressive,0,,,,"Taiga, Tundra",Asia,,,550.0,40.0,0.0,0.0,0.0,6.0,0.0,0.0,0.0,0.0,0,1,1,1,0,0.1,0.95,1,1,0,Neutral,,4,2.0,1,0,,
Hippopotamus,0.0,0.24,0.0,0.3,High,10,28,38,8,15,0,1,20.0,0.0,0.5,0.0,0.5,0.0,0.4,0.2,0.6,0.2,0.4,0.0,0.0,0.4,2.4,1.0,Male,3,30,1,29,3,30,Prey,27,06,Aggressive,0,,,,"Aquatic, Savannah",Africa,RedRiverHog,0.2,1004.0,502.0,502.0,1004.0,0.0,35.0,0.0,0.0,0.0,0.0,0,1,1,1,0,0.07,1.0,1,0,0,Confidant,,4,2.0,0,0,,
IndianElephant,0.0,0.32,0.15,0.4,High,8,28,40,8,10,0,1,20.0,0.1,0.5,0.1,0.6,0.0,0.2,0.2,0.4,0.0,0.4,0.0,0.0,0.4,2.1,1.0,Male,5,30,1,29,3,30,Prey,30,06,Passive,0,,,,"Rainforest, Savannah, Temperate, Aquatic",Asia,"MalayanTapir, ProboscisMonkey",0.2,882.0,204.0,34.0,67.0,0.0,40.0,0.0,0.0,0.0,0.0,0,1,1,1,0,0.33,1.0,1,0,0,Confidant,,4,2.0,0,0,,
IndianPeafowl,0.0,0.56,0.0,0.3,High,3,25,42,5,10,1,1,20.0,0.0,0.6,0.2,0.6,0.0,0.3,0.0,0.6,0.0,0.4,0.0,0.0,0.2,2.5,4.0,Male,4,16,4,16,4,20,Prey,00,00,Passive,0,,,,"Temperate, Rainforest, Savannah",Asia,,,312.0,12.0,0.0,0.0,0.0,2.0,0.0,0.0,0.0,0.0,0,1,1,0,0,0.0,0.0,0,0,0,Confidant,,1,1.25,0,0,,
IndianRhinoceros,0.0,0.32,0.0,0.3,High,13,21,40,10,10,0,1,20.0,0.2,0.6,0.0,0.6,0.0,0.2,0.2,0.4,0.0,0.4,0.0,0.0,0.4,2.2,1.0,Male,2,2,1,1,1,2,Prey,27,06,Aggressive,0,,,,"Savannah, Temperate, Aquatic",Asia,"AsianSmallClawedOtter, WildWaterBuffalo",0.2,1000.0,250.0,19.0,37.0,0.0,25.0,0.0,0.0,0.0,0.0,0,1,1,1,0,0.2,1.0,0,0,0,Confidant,,4,2.0,0,0,,
Jaguar,0.0,0.48,0.1,1.0,High,8,23,42,5,10,0,1,20.0,0.2,1.0,0.0,1.0,0.0,0.3,0.2,1.0,0.0,0.5,0.0,0.0,0.4,3.8,1.0,Male,1,1,1,1,1,2,Predator,16,03,Aggressive,0,,,,"Rainforest, Savannah, Temperate, Aquatic","NorthAmerica, SouthAmerica",,,668.0,111.0,19.0,37.0,0.0,20.0,80.0,12.0,0.0,0.0,0,1,1,1,0,0.05,0.4,1,0,0,Shy,,3,3.0,1,0,,
JapaneseMacaque,0.3,0.64,0.15,1.0,High,-15,21,29,10,5,1,0,20.0,0.0,0.2,0.0,0.4,0.0,0.2,0.0,0.4,0.0,1.0,0.2,1.0,0.2,3.2,1.0,Male,50,50,17,33,8,50,Prey,00,00,Passive,0,,,,"Taiga, Temperate",Asia,RedCrownedCrane,0.2,300.0,6.0,0.0,0.0,0.0,7.5,20.0,8.0,0.0,0.0,0,1,1,0,0,0.02,0.025,0,0,0,Confidant,,1,2.0,1,0,,
KingPenguin,0.0,0.24,0.0,0.1,High,-20,0,17,10,5,0,0,20.0,0.0,0.2,0.0,0.5,0.1,0.8,0.1,0.7,0.0,0.4,0.0,1.0,0.2,3.6,1.0,Male,500,500,500,500,6,500,Prey,03,00,Passive,0,,,,"Aquatic, Tundra","Australasia, SouthAmerica",,,200.0,4.0,3.0,144.0,0.0,2.0,0.0,0.0,86.0,2.0,1,0,0,0,0,0.0,0.0,0,0,0,Confidant,,2,1.5,0,0,,
Koala,0.0,0.48,0.2,1.0,High,8,28,42,5,10,0,1,20.0,0.0,0.3,0.0,1.0,0.0,0.5,0.0,1.0,0.0,0.3,0.0,0.0,0.0,3.1,1.0,Male,3,4,1,3,1,4,Prey,00,00,Passive,0,,,,"Rainforest, Temperate",Australasia,RedKangaroo,0.2,180.0,60.0,0.0,0.0,0.0,10.0,20.0,20.0,0.0,0.0,0,1,1,0,0,0.0,0.0,0,0,0,Confidant,,1,1.0,1,0,,
KomodoDragon,0.2,0.4,0.1,0.4,High,12,28,42,5,10,0,1,20.0,0.0,0.3,0.0,0.5,0.2,0.6,0.0,0.4,0.2,0.4,0.0,0.0,0.4,2.2,1.0,Male,2,2,1,1,1,2,Predator,10,00,Aggressive,0,,,,"Rainforest, Savannah",Asia,,,600.0,80.0,0.0,0.0,0.0,10.0,0.0,0.0,0.0,0.0,0,1,1,1,0,0.0,0.0,1,1,0,Confidant,,2,1.0,0,0,,
LarGibbon,0.0,0.0,0.35,1.0,High,12,25,42,8,10,1,1,20.0,0.0,0.1,0.2,1.0,0.0,0.1,0.1,1.0,0.0,0.2,0.0,0.0,0.3,2.4,1.0,Male,6,6,5,5,2,6,Prey,03,00,Passive,0,,,,Rainforest,Asia,"BorneanOrangutan, Siamang, AsianSmallClawedOtter",0.2,230.0,60.0,0.0,0.0,0.0,10.0,60.0,25.0,0.0,0.0,0,1,1,1,0,0.02,0.1,1,1,0,Confidant,,2,5.0,1,1,6.0,2.0
LittlePenguin,0.0,0.0,0.0,0.4,High,-4,21,38,5,5,0,1,20.0,0.0,0.1,0.0,0.1,0.5,1.0,0.0,0.3,0.0,0.5,0.0,0.0,0.5,2.0,1.0,Male,500,500,500,500,6,500,Prey,00,00,Passive,0,,,,"Aquatic, Temperate, Savannah",Australasia,,,180.0,2.0,1.0,60.0,0.0,2.0,0.0,0.0,35.0,1.0,1,0,0,0,0,0.0,0.0,0,0,0,Neutral,,1,1.0,0,0,,
Llama,0.0,0.48,0.0,0.3,High,-5,23,40,10,5,0,0,20.0,0.2,1.0,0.2,1.0,0.0,0.2,0.0,0.5,0.0,0.3,0.0,1.0,0.4,4.0,1.0,Male,30,30,30,30,2,30,Prey,09,05,Passive,0,,,,"Savannah, Taiga, Temperate",SouthAmerica,Capybara,0.2,550.0,50.0,0.0,0.0,0.0,0.0,0.0,0.0,0.0,0.0,0,1,1,0,0,0.05,0.3,1,1,0,Confidant,,2,1.25,0,0,,
MalayanTapir,0.0,0.0,0.15,1.0,High,6,21,42,10,10,1,1,20.0,0.0,0.7,0.2,1.0,0.0,0.3,0.2,1.0,0.0,0.4,0.0,0.0,0.4,3.4,1.0,Male,1,1,1,1,1,2,Prey,09,00,Passive,0,,,,"Aquatic, Rainforest, Temperate",Asia,"Binturong, ProboscisMonkey, BorneanOrangutan, IndianElephant, AsianSmallClawedOtter, WildWaterBuffalo",0.2,430.0,56.0,19.0,37.0,0.0,12.0,0.0,0.0,19.0,8.0,0,1,1,1,0,0.05,0.1,1,1,0,Neutral,,3,2.0,0,0,,
Mandrill,0.1,0.32,0.15,0.5,High,8,28,42,8,10,1,1,20.0,0.1,0.5,0.1,0.6,0.0,0.2,0.2,0.4,0.0,0.4,0.0,0.0,0.4,2.1,1.0,Male,5,10,1,9,5,10,Prey,03,00,Passive,0,,,,Rainforest,Africa,RedRiverHog,0.2,400.0,8.0,0.0,0.0,0.0,10.0,40.0,8.0,0.0,0.0,0,1,1,1,0,0.02,0.025,1,0,0,Confidant,,2,3.0,1,1,3.0,1.0
ManedWolf,0.0,0.0,0.0,0.3,High,10,21,42,5,5,1,1,20.0,0.2,1.0,0.0,1.0,0.0,0.1,0.0,0.2,0.0,0.1,0.0,0.0,0.2,2.4,1.0,Male,3,3,1,1,1,2,Prey,15,03,Passive,0,,,,"Rainforest, Savannah",SouthAmerica,"Capybara, GiantAnteater",0.2,930.0,310.0,0.0,0.0,0.0,10.0,0.0,0.0,0.0,0.0,0,1,1,1,0,0.04,0.3,1,0,0,Confidant,,3,2.0,0,0,,
Meerkat,0.0,0.0,0.0,0.35,High,8,28,43,10,10,1,1,20.0,0.0,0.3,0.0,0.4,0.2,1.0,0.25,1.0,0.0,0.3,0.0,0.0,0.45,3.0,1.0,Female,12,3,20,20,2,30,Prey,00,00,Passive,0,,,,"Savannah, Desert",Africa,Aardvark,0.2,180.0,14.0,0.0,0.0,0.0,2.0,0.0,0.0,0.0,0.0,0,1,1,0,0,0.0,0.0,0,0,0,Neutral,,2,1.2,0,0,,
Moose,0.0,0.0,0.0,1.0,High,-22,10,20,10,5,0,0,20.0,0.0,1.0,0.0,1.0,0.0,0.1,0.0,0.8,0.0,0.25,0.0,1.0,0.0,4.15,2.0,Male,1,4,1,3,1,4,Prey,19,03,Passive,0,,,,"Taiga, Tundra, Temperate, Aquatic","NorthAmerica, Europe, Asia",,,754.0,346.0,10.0,20.0,0.0,20.0,0.0,0.0,0.0,0.0,0,1,1,1,0,0.07,0.4,1,1,0,Confidant,,3,1.25,0,0,,
NileLechwe,0.0,0.0,0.0,0.3,High,13,25,38,8,10,0,1,20.0,0.0,1.0,0.1,1.0,0.0,0.8,0.3,1.0,0.0,0.1,0.0,0.0,0.4,3.9,10.0,Male,10,50,1,49,3,50,Prey,03,03,Passive,0,,,,"Aquatic, Savannah",Africa,"CommonOstrich, ReticulatedGiraffe, AfricanBuffalo, RedRiverHog",0.2,390.0,50.0,10.0,45.0,0.0,10.0,0.0,0.0,0.0,0.0,0,1,1,0,0,0.02,0.1,1,1,0,Shy,,2,1.25,0,0,,
NileMonitor,0.2,0.4,0.0,0.3,High,12,28,42,5,10,0,1,20.0,0.0,0.4,0.0,0.5,0.0,0.4,0.2,0.6,0.2,0.4,0.0,0.0,0.4,2.3,1.0,Male,2,3,1,2,1,3,Predator,03,00,Passive,0,,,,"Rainforest, Savannah, Aquatic",Africa,,,300.0,25.0,19.0,75.0,0.0,0.0,0.0,0.0,0.0,0.0,0,1,1,1,0,0.0,0.0,1,1,0,Confidant,,2,0.5,0,0,,
NineBandedArmadillo,0.0,0.0,0.0,0.8,High,-5,26,43,5,5,0,1,20.0,0.0,0.2,0.1,0.4,0.1,0.6,0.0,0.6,0.0,0.3,0.0,0.0,0.2,2.1,1.0,Male,1,1,1,1,1,2,Prey,05,00,Passive,0,,,,"Desert, Rainforest, Savannah, Temperate","SouthAmerica, NorthAmerica",,,182.0,16.0,0.0,0.0,0.0,2.0,0.0,0.0,0.0,0.0,0,1,1,0,0,0.0,0.0,0,0,0,Shy,,1,1.0,0,0,,
NorthAmericanBeaver,0.0,0.0,0.15,1.0,High,-7,25,38,10,1,0,1,20.0,0.0,0.7,0.2,1.0,0.0,0.2,0.1,0.6,0.0,0.25,0.0,1.0,0.3,3.75,1.0,Male,2,2,8,8,2,8,Prey,03,00,Passive,0,,,,"Taiga, Temperate, Savannah, Aquatic",NorthAmerica,"Raccoon, StripedSkunk",0.2,480.0,45.0,32.0,335.0,0.0,7.5,0.0,0.0,65.0,25.0,1,1,1,0,0,0.05,0.1,0,0,0,Neutral,,2,1.5,0,0,,
NorthIslandBrownKiwi,0.0,0.0,0.25,1.0,High,-4,25,35,5,5,0,1,20.0,0.0,0.5,0.1,1.0,0.0,0.2,0.3,1.0,0.0,0.1,0.0,0.0,0.4,2.8,1.0,Female,2,1,1,1,1,2,Prey,00,00,Passive,0,,,,Temperate,Australasia,,,180.0,20.0,0.0,0.0,0.0,5.0,0.0,0.0,0.0,0.0,0,1,1,0,0,0.0,0.0,0,0,0,Confidant,,1,1.0,0,0,,
Nyala,0.0,0.48,0.0,0.5,High,8,28,42,8,10,0,1,20.0,0.1,1.0,0.1,1.0,0.0,0.2,0.2,0.4,0.0,0.4,0.0,0.0,0.4,3.0,4.0,Male,1,5,1,4,1,5,Prey,03,03,Passive,0,,,,"Savannah, Rainforest",Africa,SouthernWhiteRhino,0.2,300.0,30.0,0.0,0.0,0.0,15.0,0.0,0.0,0.0,0.0,0,1,1,1,0,0.02,0.1,0,0,0,Shy,,2,1.25,0,0,,
Okapi,0.0,0.4,0.2,1.0,High,8,32,42,8,10,1,1,20.0,0.0,0.2,0.1,0.3,0.0,0.2,0.2,0.9,0.0,0.5,0.0,0.0,0.3,2.1,2.0,Male,1,2,1,1,1,2,Prey,09,03,Passive,0,,,,Rainforest,Africa,RedRiverHog,0.2,1081.0,125.0,0.0,0.0,0.0,15.0,0.0,0.0,0.0,0.0,0,1,1,0,0,0.05,0.3,1,1,0,Shy,,2,1.25,0,0,,
PlainsZebra,0.0,0.4,0.0,0.3,High,8,21,40,8,10,0,1,20.0,0.2,1.0,0.2,1.0,0.0,0.3,0.0,0.4,0.0,0.4,0.0,0.0,0.4,3.1,2.0,Male,6,6,1,5,3,6,Prey,09,03,Passive,0,,,,Savannah,Africa,"BlackWildebeest, Springbok, SableAntelope, CommonWarthog, ReticulatedGiraffe, AfricanBuffalo, CommonOstrich, ThomsonsGazelle, ScimitarHornedOryx, BlueWildebeest, SouthernWhiteRhino",0.2,510.0,180.0,0.0,0.0,0.0,10.0,0.0,0.0,0.0,0.0,0,1,1,1,0,0.05,0.3,1,1,0,Confidant,,2,1.25,0,0,,
Platypus,0.0,0.0,0.0,0.5,High,-4,20,42,5,4,0,1,20.0,0.0,0.4,0.0,0.4,0.1,0.6,0.0,1.0,0.2,1.0,0.0,0.0,0.3,3.4,1.0,Male,1,2,1,2,1,3,Prey,00,00,Passive,0,,,,"Aquatic, Rainforest, Savannah, Temperate",Australasia,,,180.0,30.0,15.0,90.0,0.0,5.0,0.0,0.0,45.0,8.0,1,1,1,0,0,0.0,0.0,0,0,0,Confidant,,1,1.0,0,0,,
PolarBear,0.0,0.72,0.0,0.5,High,-20,-10,16,20,10,0,0,20.0,0.0,0.2,0.0,0.4,0.0,0.2,0.0,0.5,0.0,1.0,0.0,1.0,0.0,3.3,1.0,Male,1,2,1,1,1,2,Predator,26,03,Aggressive,0,,,,"Aquatic, Tundra, Taiga","NorthAmerica, Europe, Asia",,,3250.0,650.0,360.0,720.0,0.0,6.0,0.0,0.0,180.0,25.0,0,1,1,1,0,0.1,0.95,1,1,0,Neutral,,4,2.0,0,0,,
PrairieDog,0.0,0.0,0.0,0.25,High,3,25,43,10,2,1,1,20.0,0.0,0.6,0.15,1.0,0.0,0.35,0.0,0.85,0.0,0.2,0.0,0.0,0.15,3.0,1.0,Female,2,12,1,11,2,12,Prey,00,00,Passive,0,,,,"Savannah, Desert",NorthAmerica,"AmericanBison, StripedSkunk",0.2,180.0,12.0,0.0,0.0,0.0,2.0,0.0,0.0,0.0,0.0,0,1,1,0,0,0.0,0.0,0,0,0,Neutral,,2,1.2,0,0,,
ProboscisMonkey,0.0,0.0,0.3,1.0,High,17,26,42,5,10,1,1,20.0,0.3,0.8,0.0,1.0,0.0,0.3,0.1,0.6,0.0,0.3,0.0,0.0,0.4,3.0,1.0,Male,12,12,9,18,3,19,Prey,03,00,Passive,0,,,,"Aquatic, Rainforest",Asia,"IndianElephant, MalayanTapir, AsianSmallClawedOtter",0.2,400.0,35.0,0.0,0.0,0.0,10.0,30.0,15.0,0.0,0.0,0,1,1,1,0,0.02,0.3,1,1,0,Confidant,,3,4.5,1,0,,
PronghornAntelope,0.0,0.48,0.0,1.0,High,2,18,43,15,10,0,0,20.0,0.0,1.0,0.0,1.0,0.0,0.2,0.2,0.4,0.0,0.4,0.0,1.0,0.2,4.0,2.0,Male,5,11,1,10,1,11,Prey,05,03,Passive,0,,,,"Savannah, Temperate, Taiga, Desert",NorthAmerica,AmericanBison,0.2,370.0,60.0,0.0,0.0,0.0,10.0,0.0,0.0,0.0,0.0,0,1,1,0,0,0.02,0.1,0,0,0,Shy,,2,1.25,0,0,,
PrzewalskisHorse,0.0,0.0,0.0,0.3,High,-9,20,43,-5,5,0,0,20.0,0.2,1.0,0.0,1.0,0.0,0.4,0.0,1.0,0.0,0.1,0.0,1.0,0.2,4.5,2.0,Male,8,8,1,7,3,8,Prey,09,03,Passive,0,,,,"Savannah, Desert",Asia,BactrianCamel,0.2,575.0,172.0,0.0,0.0,0.0,10.0,0.0,0.0,0.0,0.0,0,1,1,1,0,0.05,0.3,1,0,0,Confidant,,2,1.25,0,0,,
PygmyHippo,0.0,0.24,0.2,1.0,High,12,28,42,8,15,0,1,20.0,0.0,0.5,0.0,0.5,0.0,0.4,0.2,0.6,0.2,0.4,0.0,0.0,0.4,2.4,1.0,Male,4,4,1,3,2,4,Prey,09,03,Passive,0,,,,"Aquatic, Rainforest",Africa,RedRiverHog,0.2,270.0,30.0,30.0,270.0,0.0,10.0,0.0,0.0,0.0,0.0,0,1,1,1,0,0.15,0.3,1,0,0,Confidant,,3,1.0,0,0,,
Quokka,0.0,0.0,0.1,0.7,High,10,26,38,5,5,1,1,20.0,0.0,0.3,0.1,1.0,0.0,0.4,0.2,1.0,0.0,0.1,0.0,0.0,0.3,2.8,1.0,Male,24,24,23,23,1,24,Prey,00,00,Passive,0,,,,Savannah,Australasia,Emu,0.2,200.0,35.0,0.0,0.0,0.0,5.0,0.0,0.0,0.0,0.0,0,1,1,0,0,0.0,0.0,0,0,0,Confidant,,2,3.0,0,1,3.0,1.0
Raccoon,0.0,0.0,0.1,1.0,Moderate,-9,26,42,5,5,0,1,20.0,0.0,0.6,0.3,1.0,0.0,0.3,0.1,0.6,0.0,0.3,0.0,1.0,0.4,3.8,1.0,Male,4,10,2,3,2,5,Prey,03,00,Passive,0,,,,"Aquatic, Temperate, Taiga, Savannah, Rainforest","NorthAmerica, SouthAmerica","StripedSkunk, NorthAmericanBeaver",0.2,210.0,45.0,5.0,10.0,0.0,10.0,20.0,5.0,0.0,0.0,0,1,0,0,0,0.0,0.0,1,0,0,Confidant,,2,3.0,1,0,,
RedCrownedCrane,0.0,0.0,0.0,0.4,High,-13,10,31,15,10,0,0,20.0,0.0,0.7,0.2,1.0,0.0,0.2,0.1,1.0,0.0,0.3,0.0,1.0,0.3,4.2,1.0,Male,80,80,79,79,4,80,Prey,03,00,Passive,0,,,,"Aquatic, Tundra, Taiga, Temperate",Asia,JapaneseMacaque,0.2,300.0,15.0,9.0,75.0,0.0,5.0,0.0,0.0,0.0,0.0,0,1,1,0,0,0.0,0.0,0,0,0,Neutral,,1,1.0,0,0,,
RedDeer,0.0,0.0,0.0,1.0,High,-10,22,38,5,4,0,0,20.0,0.0,0.5,0.3,1.0,0.0,0.2,0.0,0.6,0.0,0.2,0.0,1.0,0.3,3.5,2.0,Male,10,15,1,8,3,9,Prey,08,03,Passive,0,,,,"Savannah, Temperate, Taiga","Europe, Asia",EuropeanFallowDeer,0.2,360.0,45.0,0.0,0.0,0.0,10.0,0.0,0.0,0.0,0.0,0,1,1,1,0,0.05,0.3,1,1,0,Neutral,,2,1.25,0,0,,
RedFox,0.0,0.0,0.0,1.0,Moderate,-13,15,43,7,5,1,0,20.0,0.0,0.2,0.2,0.7,0.0,0.2,0.1,1.0,0.0,0.4,0.0,1.0,0.3,3.5,1.0,Male,14,14,13,13,1,14,Predator,04,00,Aggressive,0,,,,"Temperate, Taiga, Savannah, Desert, Tundra","Asia, Europe, NorthAmerica, Africa",,,250.0,40.0,0.0,0.0,0.0,5.0,0.0,0.0,0.0,0.0,0,1,0,1,0,0.04,0.3,1,1,0,Shy,,2,3.0,0,0,,
RedKangaroo,0.0,0.48,0.0,0.3,High,8,28,44,10,10,0,1,20.0,0.2,1.0,0.0,1.0,0.0,1.0,0.0,1.0,0.0,0.3,0.0,0.0,0.2,4.3,1.0,Male,4,10,1,9,2,10,Prey,08,00,Passive,0,,,,"Desert, Savannah",Australasia,"RedNeckedWallaby, Emu, Koala",0.2,330.0,60.0,0.0,0.0,0.0,0.0,0.0,0.0,0.0,0.0,0,1,1,0,0,0.05,0.3,1,0,0,Confidant,,3,3.0,0,0,,
RedNeckedWallaby,0.0,0.0,0.0,0.6,High,-4,28,43,5,10,0,1,20.0,0.2,1.0,0.0,1.0,0.0,0.1,0.0,1.0,0.0,0.1,0.0,0.0,0.2,3.2,1.0,Male,30,30,29,29,1,30,Prey,05,00,Passive,0,,,,"Savannah, Temperate",Australasia,"Emu, RedKangaroo",0.2,250.0,45.0,0.0,0.0,0.0,0.0,0.0,0.0,0.0,0.0,0,1,1,0,0,0.04,0.3,1,0,0,Confidant,,2,3.0,0,1,3.0,1.0
RedPanda,0.3,0.64,0.1,1.0,High,0,17,29,7,5,1,0,20.0,0.0,0.4,0.2,0.6,0.0,0.3,0.2,0.6,0.0,0.4,0.0,0.3,0.4,2.6,1.0,Male,2,2,1,1,1,2,Prey,00,00,Passive,0,,,,"Taiga, Temperate",Asia,,,220.0,10.0,0.0,0.0,0.0,3.0,40.0,16.0,0.0,0.0,0,1,1,1,0,0.0,0.0,0,0,0,Shy,,2,2.0,1,0,,
RedRiverHog,0.0,0.0,0.1,0.45,High,8,28,42,8,10,0,1,20.0,0.0,0.3,0.0,0.5,0.0,0.4,0.2,1.0,0.0,0.3,0.0,0.0,0.2,2.5,1.0,Male,6,10,1,9,2,10,Prey,06,00,Passive,0,,,,"Rainforest, Savannah, Aquatic",Africa,"Bongo, Mandrill, Okapi, WesternLowlandGorilla, AfricanBuffalo, WesternChimpanzee, Bonobo, Hippopotamus, NileLechwe, PygmyHippo",0.2,300.0,7.0,0.0,0.0,0.0,15.0,0.0,0.0,0.0,0.0,0,1,1,1,0,0.02,0.1,1,1,0,Confidant,,2,1.25,0,0,,
RedRuffedLemur,0.3,0.8,0.1,1.0,High,10,32,42,10,10,1,1,20.0,0.0,0.4,0.1,0.4,0.0,0.2,0.1,0.9,0.0,0.5,0.0,0.0,0.2,2.4,1.0,Male,30,30,1,29,3,30,Prey,00,00,Passive,0,,,,Rainforest,Africa,"RingTailedLemur, BlackWhiteRuffedLemur",0.2,210.0,8.0,0.0,0.0,0.0,2.0,20.0,4.0,0.0,0.0,0,1,1,0,0,0.0,0.0,1,1,0,Neutral,,1,1.25,1,1,3.0,1.0
Reindeer,0.0,0.48,0.0,1.0,High,-20,4,23,20,5,0,0,20.0,0.0,1.0,0.0,1.0,0.0,0.2,0.0,0.4,0.0,0.4,0.0,1.0,0.0,4.0,2.0,Male,12,12,1,11,3,12,Prey,12,03,Passive,0,,,,"Taiga, Tundra","Europe, NorthAmerica, Asia",,,370.0,60.0,0.0,0.0,0.0,10.0,0.0,0.0,0.0,0.0,0,1,1,1,0,0.05,0.3,1,0,0,Neutral,,2,1.5,0,0,,
ReticulatedGiraffe,0.0,0.24,0.0,0.4,High,8,28,40,8,10,0,1,20.0,0.2,0.6,0.0,0.6,0.0,0.45,0.1,0.4,0.0,0.4,0.0,0.0,0.3,2.45,1.0,Male,12,12,4,8,2,12,Prey,27,06,Passive,0,,,,"Rainforest, Savannah",Africa,"AfricanBuffalo, CommonOstrich, ThomsonsGazelle, PlainsZebra, BlackWildebeest, Springbok, SableAntelope, CommonWarthog, ScimitarHornedOryx, BlueWildebeest, DromedaryCamel, SouthernWhiteRhino, NileLechwe",0.2,1306.0,332.0,0.0,0.0,0.0,30.0,0.0,0.0,0.0,0.0,0,1,1,1,0,0.13,0.5,0,0,0,Confidant,,3,2.0,0,0,,
RingTailedLemur,0.0,0.64,0.1,1.0,High,10,26,42,10,10,1,1,20.0,0.0,0.4,0.1,0.4,0.0,0.2,0.1,0.9,0.0,0.5,0.0,0.0,0.2,2.4,1.0,Male,30,30,1,29,3,30,Prey,00,00,Passive,0,,,,Rainforest,Africa,"RedRuffedLemur, BlackWhiteRuffedLemur",0.2,210.0,8.0,0.0,0.0,0.0,2.0,20.0,4.0,0.0,0.0,0,1,1,0,0,0.0,0.0,1,1,0,Neutral,,1,1.25,1,1,3.0,1.0
SableAntelope,0.0,0.32,0.0,0.3,High,8,28,40,8,10,0,1,20.0,0.1,1.0,0.3,1.0,0.0,0.3,0.1,0.4,0.0,0.4,0.0,0.0,0.5,3.1,5.0,Male,6,11,1,10,1,11,Prey,20,03,Passive,0,,,,Savannah,Africa,"CommonWarthog, ReticulatedGiraffe, AfricanBuffalo, CommonOstrich, ThomsonsGazelle, PlainsZebra, BlackWildebeest, Springbok, BlueWildebeest, SouthernWhiteRhino",0.2,450.0,60.0,0.0,0.0,0.0,12.5,0.0,0.0,0.0,0.0,0,1,1,1,0,0.05,0.3,1,1,0,Neutral,,2,1.25,0,0,,
SaltwaterCrocodile,0.0,0.15,0.0,0.3,High,12,22,42,5,10,0,1,20.0,0.0,0.5,0.0,0.5,0.0,0.4,0.2,0.6,0.2,0.4,0.0,0.0,0.4,2.4,1.0,Male,1,1,1,1,1,2,Predator,21,00,Aggressive,0,,,,"Aquatic, Rainforest","Asia, Australasia",,,210.0,50.0,105.0,210.0,0.0,0.0,0.0,0.0,120.0,52.0,0,1,1,1,0,0.0,0.0,1,0,0,Confidant,,2,1.0,0,0,,
SandCat,0.0,0.0,0.0,0.4,High,3,20,43,5,10,1,1,20.0,0.0,0.1,0.0,0.2,0.4,1.0,0.0,0.3,0.0,0.6,0.0,0.0,0.4,2.2,1.0,Male,1,3,1,1,1,2,Predator,01,00,Aggressive,0,,,,Desert,"Asia, Africa",,,200.0,64.0,0.0,0.0,0.0,5.0,0.0,0.0,0.0,0.0,0,1,1,1,0,0.0,0.0,0,0,0,Shy,,2,3.0,1,0,,
ScimitarHornedOryx,0.0,0.0,0.0,0.25,High,3,33,48,5,10,0,1,20.0,0.2,1.0,0.0,1.0,0.0,1.0,0.0,0.4,0.0,0.4,0.0,0.0,0.2,3.8,2.0,Male,40,40,1,39,3,40,Prey,05,03,Passive,0,,,,"Desert, Savannah",Africa,"PlainsZebra, ReticulatedGiraffe, CommonOstrich, AfricanBuffalo, DromedaryCamel, DamaGazelle",0.2,270.0,40.0,0.0,0.0,0.0,10.0,0.0,0.0,0.0,0.0,0,1,1,1,0,0.05,0.3,1,0,0,Shy,,2,1.25,0,0,,
Siamang,0.0,0.0,0.35,1.0,High,17,25,42,8,10,1,1,20.0,0.0,0.1,0.2,1.0,0.0,0.1,0.0,1.0,0.0,0.3,0.0,0.0,0.2,2.5,1.0,Male,6,6,5,5,2,6,Prey,03,00,Passive,0,,,,Rainforest,Asia,"BorneanOrangutan, LarGibbon",0.2,305.0,80.0,0.0,0.0,0.0,10.0,80.0,35.0,0.0,0.0,0,1,1,1,0,0.02,0.1,0,0,0,Confidant,,3,5.0,1,1,6.0,2.0
SiberianTiger,0.4,0.64,0.25,1.0,High,-4,18,28,15,5,0,0,20.0,0.0,0.1,0.0,0.6,0.0,0.2,0.0,0.5,0.0,0.7,0.0,1.0,0.0,3.1,1.0,Male,1,1,1,1,1,2,Predator,24,03,Aggressive,0,,,,"Taiga, Temperate",Asia,,,705.0,111.0,0.0,0.0,0.0,20.0,0.0,0.0,0.0,10.0,0,1,1,1,0,0.05,0.5,1,0,0,Confidant,,3,3.0,1,0,,
SnowLeopard,0.5,0.72,0.0,0.2,High,-4,12,22,15,5,1,0,20.0,0.0,0.1,0.0,0.3,0.0,0.2,0.0,0.4,0.0,1.0,0.2,1.0,0.2,3.0,1.0,Male,1,1,1,1,1,2,Predator,09,00,Passive,0,,,,Taiga,Asia,,,705.0,111.0,0.0,0.0,0.0,7.5,0.0,0.0,0.0,0.0,0,1,1,1,0,0.05,0.4,1,1,0,Shy,,2,3.0,1,0,,
SomaliWildAss,0.0,0.0,0.0,0.2,High,3,21,43,5,10,0,1,20.0,0.0,0.4,0.0,1.0,0.2,1.0,0.1,1.0,0.2,0.8,0.0,0.0,0.5,4.2,2.0,Male,3,7,3,5,1,7,Prey,09,03,Passive,0,,,,Desert,Africa,"DromedaryCamel, CommonOstrich, Addax",0.2,625.0,160.0,0.0,0.0,0.0,15.0,0.0,0.0,0.0,0.0,0,1,1,1,0,0.05,0.3,1,0,0,Confidant,,3,1.25,0,0,,
SouthernWhiteRhino,0.0,0.0,0.0,0.3,High,13,21,38,5,10,0,1,20.0,0.2,0.6,0.0,0.6,0.0,0.2,0.25,0.8,0.0,0.4,0.0,0.0,0.45,2.6,1.0,Male,2,5,1,4,1,5,Prey,27,06,Aggressive,0,,,,Savannah,Africa,"PlainsZebra, ReticulatedGiraffe, CommonOstrich, BlackWildebeest, Springbok, AfricanBuffalo, ThomsonsGazelle, SableAntelope, Nyala, BlueWildebeest",0.2,1275.0,525.0,0.0,0.0,0.0,25.0,0.0,0.0,0.0,0.0,0,1,1,1,0,0.33,1.0,1,0,0,Confidant,,4,2.0,0,0,,
SpectacledCaiman,0.0,0.0,0.1,1.0,High,13,28,42,4,10,0,1,20.0,0.0,0.5,0.0,0.7,0.0,0.6,0.0,0.4,0.2,0.5,0.0,0.0,0.2,2.7,1.0,Male,6,6,1,5,1,6,Predator,11,00,Aggressive,0,,,,"Aquatic, Rainforest, Savannah",SouthAmerica,,,240.0,18.0,14.0,220.0,0.0,0.0,0.0,0.0,75.0,7.0,0,1,1,1,0,0.0,0.0,1,0,0,Confidant,,2,1.0,0,0,,
SpottedHyena,0.1,0.4,0.0,0.4,High,8,26,40,8,10,1,1,20.0,0.0,0.5,0.3,0.8,0.0,0.3,0.1,0.4,0.0,0.4,0.0,0.0,0.4,2.4,1.0,Male,4,4,2,2,2,4,Predator,15,00,Aggressive,0,,,,Savannah,Africa,,,1162.0,92.0,0.0,0.0,0.0,10.0,0.0,0.0,0.0,0.0,0,1,1,1,0,0.04,0.3,1,1,0,Confidant,,2,1.25,0,0,,
Springbok,0.0,0.32,0.0,0.3,High,8,28,43,8,10,0,1,20.0,0.1,1.0,0.3,1.0,0.0,0.3,0.1,0.4,0.0,0.4,0.0,0.0,0.5,3.1,10.0,Male,35,35,1,34,3,35,Prey,03,03,Passive,0,,,,"Savannah, Desert",Africa,"SableAntelope, CommonWarthog, ReticulatedGiraffe, AfricanBuffalo, CommonOstrich, ThomsonsGazelle, PlainsZebra, BlackWildebeest, BlueWildebeest, SouthernWhiteRhino",0.2,425.0,55.0,0.0,0.0,0.0,11.0,0.0,0.0,0.0,0.0,0,1,1,0,0,0.0,0.0,0,0,0,Shy,,2,1.25,0,0,,
StripedHyena,0.0,0.0,0.0,0.4,High,-4,26,43,5,10,1,1,20.0,0.0,0.5,0.1,0.8,0.0,1.0,0.2,1.0,0.0,0.4,0.0,0.0,0.3,3.7,1.0,Male,7,7,6,1,1,7,Predator,15,00,Aggressive,0,,,,"Desert, Rainforest, Savannah, Temperate","Africa, Asia",,,1162.0,92.0,0.0,0.0,0.0,10.0,0.0,0.0,0.0,0.0,0,1,1,1,0,0.04,0.3,1,0,0,Neutral,0.66,3,1.25,0,0,,
StripedSkunk,0.0,0.0,0.0,1.0,Moderate,-7,21,38,5,5,1,1,20.0,0.0,0.3,0.4,1.0,0.0,0.2,0.0,0.8,0.0,0.1,0.0,1.0,0.4,3.4,1.0,Male,2,1,1,1,1,2,Prey,11,00,Passive,1,10.0,15.0,4.0,"Temperate, Savannah, Taiga",NorthAmerica,"PrairieDog, NorthAmericanBeaver, Raccoon",0.2,180.0,42.0,0.0,0.0,0.0,5.0,0.0,0.0,0.0,0.0,0,1,0,1,0,0.0,0.0,1,0,0,Shy,,1,1.25,0,0,,
SunBear,0.0,0.0,0.2,1.0,High,6,24,42,10,10,1,1,20.0,0.0,0.3,0.3,1.0,0.0,0.2,0.15,0.6,0.0,0.35,0.0,0.0,0.45,2.45,1.0,Male,2,2,1,1,1,2,Prey,15,00,Passive,0,,,,"Rainforest, Temperate, Savannah",Asia,Binturong,0.2,920.0,142.0,0.0,0.0,0.0,10.0,56.0,28.0,40.0,8.0,0,1,1,1,0,0.05,0.4,1,1,0,Neutral,,4,3.0,1,0,,
TasmanianDevil,0.0,0.0,0.15,1.0,High,-4,22,31,5,10,1,1,20.0,0.0,0.4,0.3,1.0,0.0,0.2,0.0,0.8,0.0,0.2,0.0,0.0,0.3,2.6,1.0,Male,5,5,4,4,1,5,Predator,02,00,Aggressive,0,,,,Temperate,Australasia,,,200.0,90.0,0.0,0.0,0.0,5.0,0.0,0.0,0.0,0.0,0,1,1,1,0,0.02,0.025,1,0,0,Confidant,,2,3.0,0,0,,
ThomsonsGazelle,0.0,0.32,0.1,0.4,High,8,28,40,8,10,0,1,20.0,0.1,1.0,0.3,1.0,0.0,0.3,0.1,0.4,0.0,0.4,0.0,0.0,0.5,3.1,10.0,Male,36,36,1,35,3,36,Prey,03,00,Passive,0,,,,Savannah,Africa,"BlackWildebeest, Springbok, SableAntelope, CommonWarthog, ReticulatedGiraffe, AfricanBuffalo, CommonOstrich, PlainsZebra, BlueWildebeest, SouthernWhiteRhino",0.2,425.0,55.0,0.0,0.0,0.0,11.0,0.0,0.0,0.0,0.0,0,1,1,0,0,0.0,0.0,0,0,0,Shy,,2,1.25,0,0,,
TimberWolf,0.2,0.48,0.0,1.0,High,-8,18,29,15,5,1,0,20.0,0.0,0.1,0.0,0.3,0.0,0.2,0.0,0.6,0.0,0.5,0.0,1.0,0.0,2.7,1.0,Male,12,12,12,12,2,12,Predator,15,03,Aggressive,0,,,,"Taiga, Temperate, Tundra","Asia, Europe, NorthAmerica",,,1162.0,92.0,0.0,0.0,0.0,10.0,0.0,0.0,0.0,0.0,0,1,1,1,0,0.04,0.3,1,0,0,Confidant,,2,1.25,0,0,,
WestAfricanLion,0.1,0.32,0.0,0.25,High,8,34,40,8,10,1,1,20.0,0.1,0.5,0.1,0.6,0.0,0.2,0.0,0.4,0.2,0.5,0.0,0.0,0.4,2.2,1.0,Male,4,30,1,29,2,30,Predator,19,03,Aggressive,0,,,,Savannah,Africa,,,705.0,111.0,0.0,0.0,0.0,10.0,0.0,0.0,0.0,0.0,0,1,1,1,0,0.05,0.5,1,1,0,Confidant,,3,3.0,1,0,,
WesternChimpanzee,0.2,0.4,0.15,1.0,High,8,26,42,8,10,1,1,20.0,0.0,0.4,0.1,0.4,0.0,0.2,0.1,0.9,0.0,0.5,0.0,0.0,0.2,2.4,1.0,Male,10,15,10,10,5,15,Prey,09,00,Aggressive,0,,,,Rainforest,Africa,RedRiverHog,0.2,780.0,50.0,0.0,0.0,0.0,10.0,80.0,30.0,0.0,0.0,0,1,1,1,0,0.1,0.6,1,0,0,Confidant,,3,5.0,1,1,6.0,2.0
WesternLowlandGorilla,0.15,0.32,0.15,1.0,High,8,26,42,8,10,1,1,20.0,0.0,0.4,0.1,0.4,0.0,0.2,0.1,0.9,0.0,0.5,0.0,0.0,0.2,2.4,1.0,Male,3,6,1,5,3,6,Prey,23,03,Aggressive,0,,,,Rainforest,Africa,RedRiverHog,0.2,780.0,50.0,0.0,0.0,0.0,15.0,40.0,20.0,0.0,0.0,0,1,1,1,0,0.1,0.6,1,0,0,Neutral,,3,5.0,1,1,6.0,2.0
WildWaterBuffalo,0.0,0.0,0.0,0.5,High,17,30,42,14,10,0,1,20.0,0.1,1.0,0.2,1.0,0.0,0.1,0.1,0.5,0.0,0.4,0.0,0.0,0.4,3.0,1.0,Male,10,30,1,29,3,30,Prey,18,03,Passive,0,,,,"Rainforest, Aquatic, Savannah",Asia,"MalayanTapir, IndianRhinoceros",0.2,570.0,80.0,10.0,20.0,0.0,10.0,0.0,0.0,0.0,0.0,0,1,1,1,0,0.05,0.5,1,1,0,Confidant,,3,1.25,0,0,,
